{"cameraMode":{"drawMode":0,"name":"Shaded","section":"Shading Mode"},"sceneLighting":true,"audioPlay":false,"sceneViewState":{"showFog":true,"showMaterialUpdate":false,"showSkybox":true,"showFlares":true,"showImageEffects":true,"showParticleSystems":true},"in2DMode":false,"pivot":{"x":11.193352699279786,"y":42.37626647949219,"z":-1.5341415405273438},"rotation":{"x":0.007392720319330692,"y":0.9761813282966614,"z":0.03369161859154701,"w":-0.2141968309879303},"size":31.779308319091798,"orthographic":false}